asset_id,part_family,part_category,search_query,commons_page_id,commons_title,description_url,original_url,download_url,author,credit,license_short_name,license_url,attribution_required,usage_terms,local_path,sha256,file_size_bytes,width,height,format,downloaded_at_utc,modifications
commons_air_filter_2088950,filtration,air_filter,"incategory:""Automobile engine air filters""",2088950,File:Filtry powietrza2.jpg,https://commons.wikimedia.org/wiki/File:Filtry_powietrza2.jpg,https://upload.wikimedia.org/wikipedia/commons/e/ea/Filtry_powietrza2.jpg,https://upload.wikimedia.org/wikipedia/commons/thumb/e/ea/Filtry_powietrza2.jpg/1280px-Filtry_powietrza2.jpg,Maly LOLek,Own work,CC BY-SA 3.0,http://creativecommons.org/licenses/by-sa/3.0/,yes,Creative Commons Attribution-Share Alike 3.0,data/external/open_license/images/air_filter/commons_air_filter_2088950.jpg,31057e5b8ccd6aabce6d867c850efc1d32fa91e9e695e7398e5ad00a8d6bdcbd,182816,1280,724,JPEG,2026-07-19T06:09:05.192517+00:00,Wikimedia thumbnail resized to maximum 1024 px width; otherwise unmodified.
commons_air_filter_220313,filtration,air_filter,"incategory:""Automobile engine air filters""",220313,File:Saab Sonett III Ford V4 engine.jpg,https://commons.wikimedia.org/wiki/File:Saab_Sonett_III_Ford_V4_engine.jpg,https://upload.wikimedia.org/wikipedia/commons/0/01/Saab_Sonett_III_Ford_V4_engine.jpg,https://upload.wikimedia.org/wikipedia/commons/0/01/Saab_Sonett_III_Ford_V4_engine.jpg,User:Sfoskett,"Photographed at the Bay State Antique Automobile Club's July 10, 2005 show at the Endicott Estate in Dedham, MA by User:Sfoskett",CC BY-SA 3.0,http://creativecommons.org/licenses/by-sa/3.0/,yes,Creative Commons Attribution-Share Alike 3.0,data/external/open_license/images/air_filter/commons_air_filter_220313.jpg,0295930a0bd6f29eab1f44b872c7ae8a2c0b80eb5e914a9aba3a589b2a3119ca,121192,1024,768,JPEG,2026-07-19T05:42:12.453143+00:00,Wikimedia thumbnail resized to maximum 1024 px width; otherwise unmodified.
commons_air_filter_475880,filtration,air_filter,"incategory:""Automobile engine air filters""",475880,"File:Air filter, opel astra(1).JPG","https://commons.wikimedia.org/wiki/File:Air_filter,_opel_astra(1).JPG",https://upload.wikimedia.org/wikipedia/commons/7/75/Air_filter%2C_opel_astra%281%29.JPG,https://upload.wikimedia.org/wikipedia/commons/thumb/7/75/Air_filter%2C_opel_astra%281%29.JPG/1280px-Air_filter%2C_opel_astra%281%29.JPG,Donar Reiskoffer,Own work,CC BY 3.0,https://creativecommons.org/licenses/by/3.0,yes,Creative Commons Attribution 3.0,data/external/open_license/images/air_filter/commons_air_filter_475880.jpg,74f069974c688c712ddc05298d31a927b1f9f4258b7e941d9a486a6691d7a8db,397620,1280,960,JPEG,2026-07-19T05:42:12.894770+00:00,Wikimedia thumbnail resized to maximum 1024 px width; otherwise unmodified.
commons_air_filter_475881,filtration,air_filter,"incategory:""Automobile engine air filters""",475881,"File:Air filter, opel astra(2).JPG","https://commons.wikimedia.org/wiki/File:Air_filter,_opel_astra(2).JPG",https://upload.wikimedia.org/wikipedia/commons/3/3b/Air_filter%2C_opel_astra%282%29.JPG,https://upload.wikimedia.org/wikipedia/commons/thumb/3/3b/Air_filter%2C_opel_astra%282%29.JPG/1280px-Air_filter%2C_opel_astra%282%29.JPG,Donar Reiskoffer,Own work,CC BY 3.0,https://creativecommons.org/licenses/by/3.0,yes,Creative Commons Attribution 3.0,data/external/open_license/images/air_filter/commons_air_filter_475881.jpg,b581a97d25f384a3d041ab25cb786d85009a37b73672fdd6bacfc171093a8d55,358177,1280,960,JPEG,2026-07-19T05:42:13.350813+00:00,Wikimedia thumbnail resized to maximum 1024 px width; otherwise unmodified.
commons_air_filter_9446495,filtration,air_filter,automotive air filter,9446495,File:Cool-Air-intake.jpg,https://commons.wikimedia.org/wiki/File:Cool-Air-intake.jpg,https://upload.wikimedia.org/wikipedia/commons/1/13/Cool-Air-intake.jpg,https://upload.wikimedia.org/wikipedia/commons/thumb/1/13/Cool-Air-intake.jpg/1280px-Cool-Air-intake.jpg,Gearheadgirl,Own work,CC BY 3.0,https://creativecommons.org/licenses/by/3.0,yes,Creative Commons Attribution 3.0,data/external/open_license/images/air_filter/commons_air_filter_9446495.jpg,34befa4f412df7124aa1855cf6a16700899db4a74e7a15008665dd9c9314ec26,345800,1280,960,JPEG,2026-07-19T05:34:56.239401+00:00,Wikimedia thumbnail resized to maximum 1024 px width; otherwise unmodified.
commons_air_filter_97257871,filtration,air_filter,automotive air filter,97257871,File:IR HDR with Polarizing filter (3054081120).jpg,https://commons.wikimedia.org/wiki/File:IR_HDR_with_Polarizing_filter_(3054081120).jpg,https://upload.wikimedia.org/wikipedia/commons/c/ca/IR_HDR_with_Polarizing_filter_%283054081120%29.jpg,https://upload.wikimedia.org/wikipedia/commons/thumb/c/ca/IR_HDR_with_Polarizing_filter_%283054081120%29.jpg/1280px-IR_HDR_with_Polarizing_filter_%283054081120%29.jpg,"David from Colorado Springs, United States",IR HDR with Polarizing filter,CC BY 2.0,https://creativecommons.org/licenses/by/2.0,yes,Creative Commons Attribution 2.0,data/external/open_license/images/air_filter/commons_air_filter_97257871.jpg,db13cbd3f30fc70465f87485968462b322676a4fc0429cc69fa5e2786e893f65,387616,1280,853,JPEG,2026-07-19T05:34:56.800732+00:00,Wikimedia thumbnail resized to maximum 1024 px width; otherwise unmodified.
commons_alternator_10186168,electrical,alternator,automotive alternator,10186168,File:Alternator (cut-away) (01).JPG,https://commons.wikimedia.org/wiki/File:Alternator_(cut-away)_(01).JPG,https://upload.wikimedia.org/wikipedia/commons/7/7a/Alternator_%28cut-away%29_%2801%29.JPG,https://upload.wikimedia.org/wikipedia/commons/thumb/7/7a/Alternator_%28cut-away%29_%2801%29.JPG/1280px-Alternator_%28cut-away%29_%2801%29.JPG,S.J. de Waard,Own work,CC BY 2.5,https://creativecommons.org/licenses/by/2.5,yes,Creative Commons Attribution 2.5,data/external/open_license/images/alternator/commons_alternator_10186168.jpg,06f0988e93dc7c258b5ec95fe591c0bed0d9841560a5adb6d96602cc7e2d22e7,347104,1280,1307,JPEG,2026-07-19T05:33:50.838432+00:00,Wikimedia thumbnail resized to maximum 1024 px width; otherwise unmodified.
commons_alternator_10186172,electrical,alternator,automotive alternator,10186172,File:Alternator (cut-away) (02).JPG,https://commons.wikimedia.org/wiki/File:Alternator_(cut-away)_(02).JPG,https://upload.wikimedia.org/wikipedia/commons/f/f8/Alternator_%28cut-away%29_%2802%29.JPG,https://upload.wikimedia.org/wikipedia/commons/thumb/f/f8/Alternator_%28cut-away%29_%2802%29.JPG/1280px-Alternator_%28cut-away%29_%2802%29.JPG,S.J. de Waard,Own work,CC BY 2.5,https://creativecommons.org/licenses/by/2.5,yes,Creative Commons Attribution 2.5,data/external/open_license/images/alternator/commons_alternator_10186172.jpg,2df953cd94169eaf14a11fbfcdb502a9adbd114b7629ea719eff508aeff18006,368098,1280,1190,JPEG,2026-07-19T05:33:51.355496+00:00,Wikimedia thumbnail resized to maximum 1024 px width; otherwise unmodified.
commons_alternator_10775454,electrical,alternator,automotive alternator,10775454,"File:Alternator armature winding (Rankin Kennedy, Electrical Installations, Vol III, 1903).jpg","https://commons.wikimedia.org/wiki/File:Alternator_armature_winding_(Rankin_Kennedy,_Electrical_Installations,_Vol_III,_1903).jpg",https://upload.wikimedia.org/wikipedia/commons/f/ff/Alternator_armature_winding_%28Rankin_Kennedy%2C_Electrical_Installations%2C_Vol_III%2C_1903%29.jpg,https://upload.wikimedia.org/wikipedia/commons/f/ff/Alternator_armature_winding_%28Rankin_Kennedy%2C_Electrical_Installations%2C_Vol_III%2C_1903%29.jpg,Andy Dingley (scanner),"Scan from Kennedy, Rankin (1903 edition (five volumes) of pre-1903 four volume edition.) Electrical Installations , vol. III, London : Caxton",Public domain,https://commons.wikimedia.org/wiki/Commons:Public_domain,no,Public domain,data/external/open_license/images/alternator/commons_alternator_10775454.jpg,05784d8b20e493a1be37cdd8567981d717c4bdd9222f018bb8b48f6558d2732d,244549,999,900,JPEG,2026-07-19T05:33:52.046499+00:00,Wikimedia thumbnail resized to maximum 1024 px width; otherwise unmodified.
commons_alternator_1242324,electrical,alternator,"incategory:""Automobile alternators""",1242324,File:AlternoBMWV6.JPG,https://commons.wikimedia.org/wiki/File:AlternoBMWV6.JPG,https://upload.wikimedia.org/wikipedia/commons/6/6c/AlternoBMWV6.JPG,https://upload.wikimedia.org/wikipedia/commons/thumb/6/6c/AlternoBMWV6.JPG/1280px-AlternoBMWV6.JPG,Ton1~commonswiki,Own work,CC BY-SA 3.0,http://creativecommons.org/licenses/by-sa/3.0/,yes,Creative Commons Attribution-Share Alike 3.0,data/external/open_license/images/alternator/commons_alternator_1242324.jpg,22fbf9d524d2a9156432e27669877223d72e1404cb2b61636fc425673bc24429,371395,1280,960,JPEG,2026-07-19T06:08:51.357685+00:00,Wikimedia thumbnail resized to maximum 1024 px width; otherwise unmodified.
commons_alternator_12811841,electrical,alternator,automotive alternator,12811841,File:Läufer Klauenpolgenerator.JPG,https://commons.wikimedia.org/wiki/File:L%C3%A4ufer_Klauenpolgenerator.JPG,https://upload.wikimedia.org/wikipedia/commons/f/f2/L%C3%A4ufer_Klauenpolgenerator.JPG,https://upload.wikimedia.org/wikipedia/commons/thumb/f/f2/L%C3%A4ufer_Klauenpolgenerator.JPG/1280px-L%C3%A4ufer_Klauenpolgenerator.JPG,Dermartinrockt,Own work,CC0,http://creativecommons.org/publicdomain/zero/1.0/deed.en,no,"Creative Commons Zero, Public Domain Dedication",data/external/open_license/images/alternator/commons_alternator_12811841.jpg,3eb4e346f56d97d8510d0f50a27b7f74cd26174265f3f6213696c830f783540f,268697,1280,960,JPEG,2026-07-19T05:33:52.474006+00:00,Wikimedia thumbnail resized to maximum 1024 px width; otherwise unmodified.
commons_alternator_15826343,electrical,alternator,automotive alternator,15826343,"File:Alternator from Allen generating set, ex-Malvern.jpg","https://commons.wikimedia.org/wiki/File:Alternator_from_Allen_generating_set,_ex-Malvern.jpg",https://upload.wikimedia.org/wikipedia/commons/e/e6/Alternator_from_Allen_generating_set%2C_ex-Malvern.jpg,https://upload.wikimedia.org/wikipedia/commons/thumb/e/e6/Alternator_from_Allen_generating_set%2C_ex-Malvern.jpg/1280px-Alternator_from_Allen_generating_set%2C_ex-Malvern.jpg,Andy Dingley,Own work,CC BY-SA 3.0,https://creativecommons.org/licenses/by-sa/3.0,yes,Creative Commons Attribution-Share Alike 3.0,data/external/open_license/images/alternator/commons_alternator_15826343.jpg,4fff4b9d1f13b013ed32202227add4088bb3a08dec47d8418f49d93791d59139,302738,1280,960,JPEG,2026-07-19T05:33:52.943096+00:00,Wikimedia thumbnail resized to maximum 1024 px width; otherwise unmodified.
commons_alternator_1791740,electrical,alternator,"incategory:""Automobile alternators""",1791740,File:Dynamo.JPG,https://commons.wikimedia.org/wiki/File:Dynamo.JPG,https://upload.wikimedia.org/wikipedia/commons/0/0f/Dynamo.JPG,https://upload.wikimedia.org/wikipedia/commons/thumb/0/0f/Dynamo.JPG/1280px-Dynamo.JPG,The original uploader was Piero at Dutch Wikipedia .,Transferred from nl.wikipedia to Commons.,CC BY-SA 3.0,http://creativecommons.org/licenses/by-sa/3.0/,yes,Creative Commons Attribution-Share Alike 3.0,data/external/open_license/images/alternator/commons_alternator_1791740.jpg,089494404556c0b240a5a2902d9cfa0bde640a4fbb4c6b60d1a68422538a77b3,204896,1280,960,JPEG,2026-07-19T06:08:51.653426+00:00,Wikimedia thumbnail resized to maximum 1024 px width; otherwise unmodified.
commons_brake_disc_1012105,braking,brake_disc,automobile brake disc,1012105,File:Rear disc brake unit.JPG,https://commons.wikimedia.org/wiki/File:Rear_disc_brake_unit.JPG,https://upload.wikimedia.org/wikipedia/commons/f/f6/Rear_disc_brake_unit.JPG,https://upload.wikimedia.org/wikipedia/commons/thumb/f/f6/Rear_disc_brake_unit.JPG/1280px-Rear_disc_brake_unit.JPG,User Ballista on en.wikipedia,Ballista,CC BY-SA 3.0,http://creativecommons.org/licenses/by-sa/3.0/,yes,Creative Commons Attribution-Share Alike 3.0,data/external/open_license/images/brake_disc/commons_brake_disc_1012105.jpg,9f06b36df6726bc370d88c20c0dbc830a1f7b8383ff0663206a13acf0e47da14,235991,1280,960,JPEG,2026-07-19T05:33:54.806652+00:00,Wikimedia thumbnail resized to maximum 1024 px width; otherwise unmodified.
commons_brake_disc_16024219,braking,brake_disc,"intitle:""Disc brake car.jpg""",16024219,File:Disc brake car.jpg,https://commons.wikimedia.org/wiki/File:Disc_brake_car.jpg,https://upload.wikimedia.org/wikipedia/commons/5/53/Disc_brake_car.jpg,https://upload.wikimedia.org/wikipedia/commons/thumb/5/53/Disc_brake_car.jpg/1280px-Disc_brake_car.jpg,Irvin calicut at Malayalam Wikipedia,Own work by the original uploader,CC BY-SA 3.0,https://creativecommons.org/licenses/by-sa/3.0,yes,Creative Commons Attribution-Share Alike 3.0,data/external/open_license/images/brake_disc/commons_brake_disc_16024219.jpg,1840390354c3c67579f0ea4b9b6902a475fb298fc75ae45188f9de880d67f0ff,189796,1280,960,JPEG,2026-07-19T07:09:56.681068+00:00,Wikimedia thumbnail resized to maximum 1024 px width; otherwise unmodified.
commons_brake_disc_2119919,braking,brake_disc,automobile brake disc,2119919,File:Brake Discs.jpg,https://commons.wikimedia.org/wiki/File:Brake_Discs.jpg,https://upload.wikimedia.org/wikipedia/commons/c/ce/Brake_Discs.jpg,https://upload.wikimedia.org/wikipedia/commons/c/ce/Brake_Discs.jpg,Gordonjcp,Own work,CC BY 2.5,https://creativecommons.org/licenses/by/2.5,yes,Creative Commons Attribution 2.5,data/external/open_license/images/brake_disc/commons_brake_disc_2119919.jpg,2ec6603bf866d6ff0e1e70b6777e9eeab8065588bfea7b93a2d4c4a753c5defb,54484,600,480,JPEG,2026-07-19T05:33:55.229128+00:00,Wikimedia thumbnail resized to maximum 1024 px width; otherwise unmodified.
commons_brake_disc_2999314,braking,brake_disc,"incategory:""Automobile disk brakes"" ""brake disc""",2999314,File:Brembo Brakes.jpg,https://commons.wikimedia.org/wiki/File:Brembo_Brakes.jpg,https://upload.wikimedia.org/wikipedia/commons/0/00/Brembo_Brakes.jpg,https://upload.wikimedia.org/wikipedia/commons/thumb/0/00/Brembo_Brakes.jpg/1280px-Brembo_Brakes.jpg,Hatsukari715,Own work,Public domain,https://commons.wikimedia.org/wiki/Commons:Public_domain,no,Public domain,data/external/open_license/images/brake_disc/commons_brake_disc_2999314.jpg,47d3f93f0bc0bb63784d3318bbbe2635310712798cd41cbff1a28731e6a3ae37,252904,1280,960,JPEG,2026-07-19T06:40:19.067332+00:00,Wikimedia thumbnail resized to maximum 1024 px width; otherwise unmodified.
commons_brake_disc_32848093,braking,brake_disc,"incategory:""Brake disks""",32848093,"File:Bremsscheibe PKW innenbelüftet, defekt wegen Rissen (Teelicht zum Größenvergleich).jpg","https://commons.wikimedia.org/wiki/File:Bremsscheibe_PKW_innenbel%C3%BCftet,_defekt_wegen_Rissen_(Teelicht_zum_Gr%C3%B6%C3%9Fenvergleich).jpg",https://upload.wikimedia.org/wikipedia/commons/2/20/Bremsscheibe_PKW_innenbel%C3%BCftet%2C_defekt_wegen_Rissen_%28Teelicht_zum_Gr%C3%B6%C3%9Fenvergleich%29.jpg,https://upload.wikimedia.org/wikipedia/commons/thumb/2/20/Bremsscheibe_PKW_innenbel%C3%BCftet%2C_defekt_wegen_Rissen_%28Teelicht_zum_Gr%C3%B6%C3%9Fenvergleich%29.jpg/1280px-Bremsscheibe_PKW_innenbel%C3%BCftet%2C_defekt_wegen_Rissen_%28Teelicht_zum_Gr%C3%B6%C3%9Fenvergleich%29.jpg,Johann H. Addicks,Own work ( Original text: eigene Fotografie ),CC BY-SA 3.0,http://creativecommons.org/licenses/by-sa/3.0/,yes,Creative Commons Attribution-Share Alike 3.0,data/external/open_license/images/brake_disc/commons_brake_disc_32848093.jpg,a77ae90dff0f943775f9dec0329b1af8f0d59b94706e825b4f300f165bd9674a,313700,1280,877,JPEG,2026-07-19T05:41:14.152050+00:00,Wikimedia thumbnail resized to maximum 1024 px width; otherwise unmodified.
commons_brake_disc_36552019,braking,brake_disc,"""Disc brakes.jpg""",36552019,File:Disc brakes.jpg,https://commons.wikimedia.org/wiki/File:Disc_brakes.jpg,https://upload.wikimedia.org/wikipedia/commons/0/05/Disc_brakes.jpg,https://upload.wikimedia.org/wikipedia/commons/thumb/0/05/Disc_brakes.jpg/1280px-Disc_brakes.jpg,Envy fstop,Own work,CC BY-SA 4.0,https://creativecommons.org/licenses/by-sa/4.0,yes,Creative Commons Attribution-Share Alike 4.0,data/external/open_license/images/brake_disc/commons_brake_disc_36552019.jpg,97b00405657e010658b511464337c43b52644b8b02c53f0d3e9aabe7600beeaf,317924,1280,853,JPEG,2026-07-19T07:24:12.529682+00:00,Wikimedia thumbnail resized to maximum 1024 px width; otherwise unmodified.
commons_brake_disc_41431532,braking,brake_disc,"incategory:""Brake disks""",41431532,File:BMW S1000R front Brembo monobloc.jpg,https://commons.wikimedia.org/wiki/File:BMW_S1000R_front_Brembo_monobloc.jpg,https://upload.wikimedia.org/wikipedia/commons/8/84/BMW_S1000R_front_Brembo_monobloc.jpg,https://upload.wikimedia.org/wikipedia/commons/thumb/8/84/BMW_S1000R_front_Brembo_monobloc.jpg/1280px-BMW_S1000R_front_Brembo_monobloc.jpg,MAbbey,Own work,CC BY-SA 4.0,https://creativecommons.org/licenses/by-sa/4.0,yes,Creative Commons Attribution-Share Alike 4.0,data/external/open_license/images/brake_disc/commons_brake_disc_41431532.jpg,08af5548c262164f0160e25e5bf9c5a376034b3cf7ad061b5a9e67dfc40c4a47,992882,1280,2276,JPEG,2026-07-19T05:41:14.794427+00:00,Wikimedia thumbnail resized to maximum 1024 px width; otherwise unmodified.
commons_brake_disc_51002797,braking,brake_disc,"incategory:""Brake disks""",51002797,File:브레이크디스크.png,https://commons.wikimedia.org/wiki/File:%EB%B8%8C%EB%A0%88%EC%9D%B4%ED%81%AC%EB%94%94%EC%8A%A4%ED%81%AC.png,https://upload.wikimedia.org/wikipedia/commons/a/a1/%EB%B8%8C%EB%A0%88%EC%9D%B4%ED%81%AC%EB%94%94%EC%8A%A4%ED%81%AC.png,https://upload.wikimedia.org/wikipedia/commons/a/a1/%EB%B8%8C%EB%A0%88%EC%9D%B4%ED%81%AC%EB%94%94%EC%8A%A4%ED%81%AC.png,허영서,Own work,CC BY-SA 4.0,https://creativecommons.org/licenses/by-sa/4.0,yes,Creative Commons Attribution-Share Alike 4.0,data/external/open_license/images/brake_disc/commons_brake_disc_51002797.png,c729dce9217be7584ff63871a9b9e19f292b29fc16f50e689319b447132fb279,210984,511,290,PNG,2026-07-19T05:41:15.325270+00:00,Wikimedia thumbnail resized to maximum 1024 px width; otherwise unmodified.
commons_brake_disc_62316189,braking,brake_disc,"incategory:""Brake disks""",62316189,File:Samuel Zeller 2015-04-09 (Unsplash 3p zWDVvPy8).jpg,https://commons.wikimedia.org/wiki/File:Samuel_Zeller_2015-04-09_(Unsplash_3p_zWDVvPy8).jpg,https://upload.wikimedia.org/wikipedia/commons/6/69/Samuel_Zeller_2015-04-09_%28Unsplash_3p_zWDVvPy8%29.jpg,https://upload.wikimedia.org/wikipedia/commons/thumb/6/69/Samuel_Zeller_2015-04-09_%28Unsplash_3p_zWDVvPy8%29.jpg/1280px-Samuel_Zeller_2015-04-09_%28Unsplash_3p_zWDVvPy8%29.jpg,Samuel Zeller samuelzeller,https://unsplash.com/photos/3p_zWDVvPy8 Image at the Wayback Machine Gallery at the Wayback Machine,CC0,http://creativecommons.org/publicdomain/zero/1.0/deed.en,no,"Creative Commons Zero, Public Domain Dedication",data/external/open_license/images/brake_disc/commons_brake_disc_62316189.jpg,eff05ab1a5dccfafe5fabf35aaeff99be21d3591da2227b7f6f3e677db763d64,229445,1280,853,JPEG,2026-07-19T06:08:53.142516+00:00,Wikimedia thumbnail resized to maximum 1024 px width; otherwise unmodified.
commons_brake_disc_7148352,braking,brake_disc,"""Disc brakes.jpg""",7148352,File:Concorde undercarriage Speyer 02 with disc brakes.JPG,https://commons.wikimedia.org/wiki/File:Concorde_undercarriage_Speyer_02_with_disc_brakes.JPG,https://upload.wikimedia.org/wikipedia/commons/5/57/Concorde_undercarriage_Speyer_02_with_disc_brakes.JPG,https://upload.wikimedia.org/wikipedia/commons/thumb/5/57/Concorde_undercarriage_Speyer_02_with_disc_brakes.JPG/1280px-Concorde_undercarriage_Speyer_02_with_disc_brakes.JPG,Kozuch,Own work,CC BY-SA 3.0,https://creativecommons.org/licenses/by-sa/3.0,yes,Creative Commons Attribution-Share Alike 3.0,data/external/open_license/images/brake_disc/commons_brake_disc_7148352.jpg,0d0c544eed8d4c38739c5b0053ba84ea17ec5d3000f76c6b4be07293a2a90a36,269853,1280,960,JPEG,2026-07-19T06:49:00.226609+00:00,Wikimedia thumbnail resized to maximum 1024 px width; otherwise unmodified.
commons_brake_pad_10948616,braking,brake_pad,"""Brake pads.JPG""",10948616,File:CTV Siemens 189-VR Brake pads.JPG,https://commons.wikimedia.org/wiki/File:CTV_Siemens_189-VR_Brake_pads.JPG,https://upload.wikimedia.org/wikipedia/commons/a/a5/CTV_Siemens_189-VR_Brake_pads.JPG,https://upload.wikimedia.org/wikipedia/commons/thumb/a/a5/CTV_Siemens_189-VR_Brake_pads.JPG/1280px-CTV_Siemens_189-VR_Brake_pads.JPG,Coco13cos,Own work,CC BY-SA 3.0,https://creativecommons.org/licenses/by-sa/3.0,yes,Creative Commons Attribution-Share Alike 3.0,data/external/open_license/images/brake_pad/commons_brake_pad_10948616.jpg,b0ff7e00c17ee20c5942244a0019a9782a109082804f12459781ce864b908644,314116,1280,859,JPEG,2026-07-19T06:40:23.441172+00:00,Wikimedia thumbnail resized to maximum 1024 px width; otherwise unmodified.
commons_brake_pad_16498941,braking,brake_pad,"""Brake pads.JPG""",16498941,File:Performance Disk Brake Pads.jpg,https://commons.wikimedia.org/wiki/File:Performance_Disk_Brake_Pads.jpg,https://upload.wikimedia.org/wikipedia/commons/a/a6/Performance_Disk_Brake_Pads.jpg,https://upload.wikimedia.org/wikipedia/commons/thumb/a/a6/Performance_Disk_Brake_Pads.jpg/1280px-Performance_Disk_Brake_Pads.jpg,Treemonster86,Own work,CC BY-SA 3.0,https://creativecommons.org/licenses/by-sa/3.0,yes,Creative Commons Attribution-Share Alike 3.0,data/external/open_license/images/brake_pad/commons_brake_pad_16498941.jpg,d882dc1290db3243f487f3cab963d7b715f25e012f95c07a5e332c16a84f19cd,139851,1280,960,JPEG,2026-07-19T06:49:01.449438+00:00,Wikimedia thumbnail resized to maximum 1024 px width; otherwise unmodified.
commons_brake_pad_18661413,braking,brake_pad,"incategory:""Disk brakes"" ""brake pad""",18661413,File:Brake pads fitted with spring anchor.jpg,https://commons.wikimedia.org/wiki/File:Brake_pads_fitted_with_spring_anchor.jpg,https://upload.wikimedia.org/wikipedia/commons/c/c7/Brake_pads_fitted_with_spring_anchor.jpg,https://upload.wikimedia.org/wikipedia/commons/c/c7/Brake_pads_fitted_with_spring_anchor.jpg,A7N8X,Own work,CC BY-SA 3.0,https://creativecommons.org/licenses/by-sa/3.0,yes,Creative Commons Attribution-Share Alike 3.0,data/external/open_license/images/brake_pad/commons_brake_pad_18661413.jpg,b097c4ea3862da9fd4b8d4521cdff8eaf459d13bc261548d97df92ae5143a026,94644,1024,768,JPEG,2026-07-19T05:41:18.010369+00:00,Wikimedia thumbnail resized to maximum 1024 px width; otherwise unmodified.
commons_brake_pad_187668,braking,brake_pad,automobile brake pad,187668,File:Clutchdisc.jpg,https://commons.wikimedia.org/wiki/File:Clutchdisc.jpg,https://upload.wikimedia.org/wikipedia/commons/5/5b/Clutchdisc.jpg,https://upload.wikimedia.org/wikipedia/commons/5/5b/Clutchdisc.jpg,w:User:Sonett72 and originally uploaded to w:Image:Clutchdisc.jpg Sonett72 (49901 bytes) (clutch disc),Own work,Public domain,https://commons.wikimedia.org/wiki/Commons:Public_domain,no,Public domain,data/external/open_license/images/brake_pad/commons_brake_pad_187668.jpg,8b0a0b4c3d93e637e82e566228f42f7494f5d88b489bdbeadad30dcb166ae57d,45331,450,500,JPEG,2026-07-19T05:34:03.259352+00:00,Wikimedia thumbnail resized to maximum 1024 px width; otherwise unmodified.
commons_brake_pad_20811161,braking,brake_pad,"""Brake pads.JPG""",20811161,File:Brake pads.JPG,https://commons.wikimedia.org/wiki/File:Brake_pads.JPG,https://upload.wikimedia.org/wikipedia/commons/7/76/Brake_pads.JPG,https://upload.wikimedia.org/wikipedia/commons/thumb/7/76/Brake_pads.JPG/1280px-Brake_pads.JPG,Amm105,Own work,CC BY-SA 3.0,https://creativecommons.org/licenses/by-sa/3.0,yes,Creative Commons Attribution-Share Alike 3.0,data/external/open_license/images/brake_pad/commons_brake_pad_20811161.jpg,eafa0d5433979f07ff3508525ac32e6a70face4ca781583c89871a9ab50ddb63,247866,1280,960,JPEG,2026-07-19T06:49:01.862496+00:00,Wikimedia thumbnail resized to maximum 1024 px width; otherwise unmodified.
commons_brake_pad_2470132,braking,brake_pad,"incategory:""Disk brakes"" ""brake pad""",2470132,File:Brakepad.jpg,https://commons.wikimedia.org/wiki/File:Brakepad.jpg,https://upload.wikimedia.org/wikipedia/commons/2/2f/Brakepad.jpg,https://upload.wikimedia.org/wikipedia/commons/2/2f/Brakepad.jpg,Tokino,Own work,CC BY-SA 3.0,http://creativecommons.org/licenses/by-sa/3.0/,yes,Creative Commons Attribution-Share Alike 3.0,data/external/open_license/images/brake_pad/commons_brake_pad_2470132.jpg,7b7059632ca3274df6f34256a83b56664455aae277d2ccfb2d7ba8053e3cb18e,215430,1024,768,JPEG,2026-07-19T05:41:17.512107+00:00,Wikimedia thumbnail resized to maximum 1024 px width; otherwise unmodified.
commons_brake_pad_32291489,braking,brake_pad,"incategory:""Disk brakes"" ""brake pad""",32291489,File:Brake pad.jpg,https://commons.wikimedia.org/wiki/File:Brake_pad.jpg,https://upload.wikimedia.org/wikipedia/commons/9/92/Brake_pad.jpg,https://upload.wikimedia.org/wikipedia/commons/thumb/9/92/Brake_pad.jpg/1280px-Brake_pad.jpg,A7N8X,Own work,CC BY-SA 3.0,https://creativecommons.org/licenses/by-sa/3.0,yes,Creative Commons Attribution-Share Alike 3.0,data/external/open_license/images/brake_pad/commons_brake_pad_32291489.jpg,7aa9d08290a2b10e117abf4d2e9c6846d37cfb523e6141cf74ba5444b7624667,362908,1280,784,JPEG,2026-07-19T05:41:18.470592+00:00,Wikimedia thumbnail resized to maximum 1024 px width; otherwise unmodified.
commons_brake_pad_47781594,braking,brake_pad,"""Automobile brake pad.jpg""",47781594,File:Automobile brake pad.jpg,https://commons.wikimedia.org/wiki/File:Automobile_brake_pad.jpg,https://upload.wikimedia.org/wikipedia/commons/f/f4/Automobile_brake_pad.jpg,https://upload.wikimedia.org/wikipedia/commons/thumb/f/f4/Automobile_brake_pad.jpg/1280px-Automobile_brake_pad.jpg,Tiia Monto,Own work,CC BY-SA 4.0,https://creativecommons.org/licenses/by-sa/4.0,yes,Creative Commons Attribution-Share Alike 4.0,data/external/open_license/images/brake_pad/commons_brake_pad_47781594.jpg,c357f66eae41fef5c7d3255e9ddceb7e2da19e4d4de70b1cbd7bf598245f052f,321275,1280,1258,JPEG,2026-07-19T06:40:21.414949+00:00,Wikimedia thumbnail resized to maximum 1024 px width; otherwise unmodified.
commons_brake_pad_63102785,braking,brake_pad,"""car brake pad""",63102785,File:Mechanic working.jpg,https://commons.wikimedia.org/wiki/File:Mechanic_working.jpg,https://upload.wikimedia.org/wikipedia/commons/2/22/Mechanic_working.jpg,https://upload.wikimedia.org/wikipedia/commons/thumb/2/22/Mechanic_working.jpg/1280px-Mechanic_working.jpg,Abd-suleiman,Own work,CC BY-SA 4.0,https://creativecommons.org/licenses/by-sa/4.0,yes,Creative Commons Attribution-Share Alike 4.0,data/external/open_license/images/brake_pad/commons_brake_pad_63102785.jpg,e9fc0ab2572394f28f5635c74f3112ec5db1b0244cd673a87dc70012ff01c9ab,468124,1280,1707,JPEG,2026-07-19T06:08:58.103306+00:00,Wikimedia thumbnail resized to maximum 1024 px width; otherwise unmodified.
commons_brake_pad_70439455,braking,brake_pad,"incategory:""Disk brakes"" ""brake pad""",70439455,File:Alarm bells! (25681917701).jpg,https://commons.wikimedia.org/wiki/File:Alarm_bells!_(25681917701).jpg,https://upload.wikimedia.org/wikipedia/commons/8/8f/Alarm_bells%21_%2825681917701%29.jpg,https://upload.wikimedia.org/wikipedia/commons/thumb/8/8f/Alarm_bells%21_%2825681917701%29.jpg/1280px-Alarm_bells%21_%2825681917701%29.jpg,"Riley from Christchurch, New Zealand",Alarm bells!,CC BY 2.0,https://creativecommons.org/licenses/by/2.0,yes,Creative Commons Attribution 2.0,data/external/open_license/images/brake_pad/commons_brake_pad_70439455.jpg,eca7635c9069245d88452c2ac0e0357a768bf374a3836d9b699cee9a7ff2d73d,271536,1280,960,JPEG,2026-07-19T05:41:19.157432+00:00,Wikimedia thumbnail resized to maximum 1024 px width; otherwise unmodified.
commons_brake_pad_7877497,braking,brake_pad,"""Brake pads.JPG""",7877497,File:Disc brake pads.JPG,https://commons.wikimedia.org/wiki/File:Disc_brake_pads.JPG,https://upload.wikimedia.org/wikipedia/commons/b/b0/Disc_brake_pads.JPG,https://upload.wikimedia.org/wikipedia/commons/thumb/b/b0/Disc_brake_pads.JPG/1280px-Disc_brake_pads.JPG,PetarM,Own work,CC BY-SA 3.0,https://creativecommons.org/licenses/by-sa/3.0,yes,Creative Commons Attribution-Share Alike 3.0,data/external/open_license/images/brake_pad/commons_brake_pad_7877497.jpg,d19144833b65a307782cdd72d705a513f8512cd8f5401e83368670fd12499dc2,175678,1280,960,JPEG,2026-07-19T06:40:22.830107+00:00,Wikimedia thumbnail resized to maximum 1024 px width; otherwise unmodified.
commons_coil_spring_1136563,suspension,coil_spring,"incategory:""Coil spring automobile suspension""",1136563,File:Jeep Liberty Springs 2005.jpg,https://commons.wikimedia.org/wiki/File:Jeep_Liberty_Springs_2005.jpg,https://upload.wikimedia.org/wikipedia/commons/8/8e/Jeep_Liberty_Springs_2005.jpg,https://upload.wikimedia.org/wikipedia/commons/8/8e/Jeep_Liberty_Springs_2005.jpg,Michael Robinson ( unixxx ),Own work,CC BY-SA 3.0,http://creativecommons.org/licenses/by-sa/3.0/,yes,Creative Commons Attribution-Share Alike 3.0,data/external/open_license/images/coil_spring/commons_coil_spring_1136563.jpg,04d8b9c016508f0a5a140f0f876498d2294ace43f7bbed18e6198bf658f9a76a,144883,640,480,JPEG,2026-07-19T05:47:52.235699+00:00,Wikimedia thumbnail resized to maximum 1024 px width; otherwise unmodified.
commons_coil_spring_12176711,suspension,coil_spring,"incategory:""Coil spring vehicle suspension""",12176711,File:ICF passenger coach coil spring suspension.jpg,https://commons.wikimedia.org/wiki/File:ICF_passenger_coach_coil_spring_suspension.jpg,https://upload.wikimedia.org/wikipedia/commons/9/92/ICF_passenger_coach_coil_spring_suspension.jpg,https://upload.wikimedia.org/wikipedia/commons/thumb/9/92/ICF_passenger_coach_coil_spring_suspension.jpg/1280px-ICF_passenger_coach_coil_spring_suspension.jpg,Yadvendu at English Wikipedia,Transferred from en.wikipedia to Commons by Liftarn using CommonsHelper .,Public domain,https://commons.wikimedia.org/wiki/Commons:Public_domain,no,Public domain,data/external/open_license/images/coil_spring/commons_coil_spring_12176711.jpg,0a4a9b2221c43e558f30cfa7f7663d742016cd9b7f383151e3e47d1fa5698c16,484619,1280,953,JPEG,2026-07-19T05:41:26.860703+00:00,Wikimedia thumbnail resized to maximum 1024 px width; otherwise unmodified.
commons_coil_spring_1435750,suspension,coil_spring,"incategory:""Coil spring automobile suspension""",1435750,File:OxyCutCoilSpring.JPG,https://commons.wikimedia.org/wiki/File:OxyCutCoilSpring.JPG,https://upload.wikimedia.org/wikipedia/commons/8/80/OxyCutCoilSpring.JPG,https://upload.wikimedia.org/wikipedia/commons/thumb/8/80/OxyCutCoilSpring.JPG/1280px-OxyCutCoilSpring.JPG,Athol Mullen,Own work,CC BY-SA 3.0,http://creativecommons.org/licenses/by-sa/3.0/,yes,Creative Commons Attribution-Share Alike 3.0,data/external/open_license/images/coil_spring/commons_coil_spring_1435750.jpg,622f186cfa90aa9270ddf634d0171a94605bb62cbfa9c95cac39e2ab8f904b6c,507052,1280,1217,JPEG,2026-07-19T06:09:01.476185+00:00,Wikimedia thumbnail resized to maximum 1024 px width; otherwise unmodified.
commons_coil_spring_18496373,suspension,coil_spring,"incategory:""Coil spring automobile suspension""",18496373,File:Renault Twizy Suspension.jpg,https://commons.wikimedia.org/wiki/File:Renault_Twizy_Suspension.jpg,https://upload.wikimedia.org/wikipedia/commons/7/7a/Renault_Twizy_Suspension.jpg,https://upload.wikimedia.org/wikipedia/commons/7/7a/Renault_Twizy_Suspension.jpg,citron,Own work,CC BY-SA 3.0,https://creativecommons.org/licenses/by-sa/3.0,yes,Creative Commons Attribution-Share Alike 3.0,data/external/open_license/images/coil_spring/commons_coil_spring_18496373.jpg,b48e9509a970a079e1626252a1d06b66c57c3cf35d49ded623775ea2318a96ef,488195,750,1000,JPEG,2026-07-19T06:09:03.007728+00:00,Wikimedia thumbnail resized to maximum 1024 px width; otherwise unmodified.
commons_coil_spring_43715061,suspension,coil_spring,"incategory:""Coil spring vehicle suspension""",43715061,File:Wózek kolejowy 04.JPG,https://commons.wikimedia.org/wiki/File:W%C3%B3zek_kolejowy_04.JPG,https://upload.wikimedia.org/wikipedia/commons/c/c7/W%C3%B3zek_kolejowy_04.JPG,https://upload.wikimedia.org/wikipedia/commons/thumb/c/c7/W%C3%B3zek_kolejowy_04.JPG/500px-W%C3%B3zek_kolejowy_04.JPG,Akumela,Own work,CC BY-SA 4.0,https://creativecommons.org/licenses/by-sa/4.0,yes,Creative Commons Attribution-Share Alike 4.0,data/external/open_license/images/coil_spring/commons_coil_spring_43715061.jpg,4b96e8c5bdd0d28f7b5f4ccbc0846c195d19718c6abcf72f8683307ac56985d8,88340,500,750,JPEG,2026-07-19T05:41:27.357414+00:00,Wikimedia thumbnail resized to maximum 1024 px width; otherwise unmodified.
commons_coil_spring_4525127,suspension,coil_spring,"incategory:""Coil spring automobile suspension""",4525127,File:Deuce front suspension detail.jpg,https://commons.wikimedia.org/wiki/File:Deuce_front_suspension_detail.jpg,https://upload.wikimedia.org/wikipedia/commons/c/c1/Deuce_front_suspension_detail.jpg,https://upload.wikimedia.org/wikipedia/commons/thumb/c/c1/Deuce_front_suspension_detail.jpg/1280px-Deuce_front_suspension_detail.jpg,Trekphiler,Own work,CC BY 3.0,https://creativecommons.org/licenses/by/3.0,yes,Creative Commons Attribution 3.0,data/external/open_license/images/coil_spring/commons_coil_spring_4525127.jpg,7c40b203f3afa3738f36b8614257eba31892b3cffc77c6b65073ca37a6706169,239384,1280,720,JPEG,2026-07-19T06:09:02.036196+00:00,Wikimedia thumbnail resized to maximum 1024 px width; otherwise unmodified.
commons_coil_spring_8517029,suspension,coil_spring,"incategory:""Coil spring vehicle suspension""",8517029,"File:Lokomotiva 162.036, odpružení.jpg","https://commons.wikimedia.org/wiki/File:Lokomotiva_162.036,_odpru%C5%BEen%C3%AD.jpg",https://upload.wikimedia.org/wikipedia/commons/b/ba/Lokomotiva_162.036%2C_odpru%C5%BEen%C3%AD.jpg,https://upload.wikimedia.org/wikipedia/commons/thumb/b/ba/Lokomotiva_162.036%2C_odpru%C5%BEen%C3%AD.jpg/1280px-Lokomotiva_162.036%2C_odpru%C5%BEen%C3%AD.jpg,Honza Groh ( Jagro ),Own work,CC BY-SA 3.0,https://creativecommons.org/licenses/by-sa/3.0,yes,Creative Commons Attribution-Share Alike 3.0,data/external/open_license/images/coil_spring/commons_coil_spring_8517029.jpg,a839bb424ec9c2ac4559cac54364a5f8d4509daa3e34f8d262b8b9c8e427c6c9,240348,1280,960,JPEG,2026-07-19T05:41:25.104145+00:00,Wikimedia thumbnail resized to maximum 1024 px width; otherwise unmodified.
commons_coil_spring_8673688,suspension,coil_spring,"incategory:""Coil spring vehicle suspension""",8673688,"File:Lokomotiva 163, odpružení.jpg","https://commons.wikimedia.org/wiki/File:Lokomotiva_163,_odpru%C5%BEen%C3%AD.jpg",https://upload.wikimedia.org/wikipedia/commons/0/06/Lokomotiva_163%2C_odpru%C5%BEen%C3%AD.jpg,https://upload.wikimedia.org/wikipedia/commons/thumb/0/06/Lokomotiva_163%2C_odpru%C5%BEen%C3%AD.jpg/1280px-Lokomotiva_163%2C_odpru%C5%BEen%C3%AD.jpg,Honza Groh ( Jagro ),Own work,CC BY-SA 3.0,https://creativecommons.org/licenses/by-sa/3.0,yes,Creative Commons Attribution-Share Alike 3.0,data/external/open_license/images/coil_spring/commons_coil_spring_8673688.jpg,5a480bcb177ab7564dc0fe275ffee6c6b33231ace64644387a49b51d7c44f902,270279,1280,960,JPEG,2026-07-19T05:41:25.943971+00:00,Wikimedia thumbnail resized to maximum 1024 px width; otherwise unmodified.
commons_coil_spring_8858562,suspension,coil_spring,"incategory:""Coil spring automobile suspension""",8858562,File:1938BuickChassis.jpg,https://commons.wikimedia.org/wiki/File:1938BuickChassis.jpg,https://upload.wikimedia.org/wikipedia/commons/f/fb/1938BuickChassis.jpg,https://upload.wikimedia.org/wikipedia/commons/f/fb/1938BuickChassis.jpg,New York Public Library,originally posted to Flickr as [The spring and shock absorber hook-up on the rear wheel of ...,Public domain,https://commons.wikimedia.org/wiki/Commons:Public_domain,no,Public domain,data/external/open_license/images/coil_spring/commons_coil_spring_8858562.jpg,1b8bbf2fcbf7bc82a31944a8e535053dfbe3fb551ea1c38fbaed5a3c2c8ffa7f,80079,732,760,JPEG,2026-07-19T06:09:02.422893+00:00,Wikimedia thumbnail resized to maximum 1024 px width; otherwise unmodified.
commons_headlight_1603335,lighting,headlight,"""automobile headlamp""",1603335,File:RX350headlampwashers.jpg,https://commons.wikimedia.org/wiki/File:RX350headlampwashers.jpg,https://upload.wikimedia.org/wikipedia/commons/c/cf/RX350headlampwashers.jpg,https://upload.wikimedia.org/wikipedia/commons/c/cf/RX350headlampwashers.jpg,James R. Maynard III,Own work,CC BY-SA 2.5,https://creativecommons.org/licenses/by-sa/2.5,yes,Creative Commons Attribution-Share Alike 2.5,data/external/open_license/images/headlight/commons_headlight_1603335.jpg,5e256441d5d60a684c3cbc7b6ee7b66ddf71057aa355fca4aa9f3531263e0727,65887,640,480,JPEG,2026-07-19T05:41:54.577021+00:00,Wikimedia thumbnail resized to maximum 1024 px width; otherwise unmodified.
commons_headlight_1859134,lighting,headlight,"""automobile headlamp""",1859134,File:Mercedes Benz 560 SEC 1990.JPG,https://commons.wikimedia.org/wiki/File:Mercedes_Benz_560_SEC_1990.JPG,https://upload.wikimedia.org/wikipedia/commons/b/b5/Mercedes_Benz_560_SEC_1990.JPG,https://upload.wikimedia.org/wikipedia/commons/b/b5/Mercedes_Benz_560_SEC_1990.JPG,Egs at Dutch Wikipedia,Transferred from nl.wikipedia to Commons.,Public domain,https://commons.wikimedia.org/wiki/Commons:Public_domain,no,Public domain,data/external/open_license/images/headlight/commons_headlight_1859134.jpg,579533195eee4581e133bec6d74047e86368fb67895b9363d0df651c5c87fe04,59655,781,451,JPEG,2026-07-19T05:41:54.974487+00:00,Wikimedia thumbnail resized to maximum 1024 px width; otherwise unmodified.
commons_headlight_2096229,lighting,headlight,"""automobile headlamp""",2096229,File:Mercedes-Benz 560 SEC (front).png,https://commons.wikimedia.org/wiki/File:Mercedes-Benz_560_SEC_(front).png,https://upload.wikimedia.org/wikipedia/commons/a/a3/Mercedes-Benz_560_SEC_%28front%29.png,https://upload.wikimedia.org/wikipedia/commons/a/a3/Mercedes-Benz_560_SEC_%28front%29.png,The original uploader was Dawidl at English Wikipedia .,Transferred from en.wikipedia to Commons.,Public domain,https://commons.wikimedia.org/wiki/Commons:Public_domain,no,Public domain,data/external/open_license/images/headlight/commons_headlight_2096229.png,b2be0eae1e4e6decec8db96089b23cafae06475b99ca404e055b850a2be7ed3d,374444,700,467,PNG,2026-07-19T05:41:55.570462+00:00,Wikimedia thumbnail resized to maximum 1024 px width; otherwise unmodified.
commons_headlight_2983638,lighting,headlight,"""automobile headlamp""",2983638,"File:1983 Renault 20 TX automatique, front view.jpg","https://commons.wikimedia.org/wiki/File:1983_Renault_20_TX_automatique,_front_view.jpg",https://upload.wikimedia.org/wikipedia/commons/9/9e/1983_Renault_20_TX_automatique%2C_front_view.jpg,https://upload.wikimedia.org/wikipedia/commons/9/9e/1983_Renault_20_TX_automatique%2C_front_view.jpg,https://www.flickr.com/people/nakedcharlton/,https://www.flickr.com/photo_zoom.gne?id=177212818&size=l,CC BY 2.0,https://creativecommons.org/licenses/by/2.0,yes,Creative Commons Attribution 2.0,data/external/open_license/images/headlight/commons_headlight_2983638.jpg,505d3072ba1b4f13306e8bf9f091d2d82b34f806100cd20b0852617d4c57e79d,633746,1024,768,JPEG,2026-07-19T05:41:55.947008+00:00,Wikimedia thumbnail resized to maximum 1024 px width; otherwise unmodified.
commons_headlight_4620767,lighting,headlight,"""automobile headlamp""",4620767,File:Mercedes Benz 126C 420SEC.jpg,https://commons.wikimedia.org/wiki/File:Mercedes_Benz_126C_420SEC.jpg,https://upload.wikimedia.org/wikipedia/commons/5/52/Mercedes_Benz_126C_420SEC.jpg,https://upload.wikimedia.org/wikipedia/commons/thumb/5/52/Mercedes_Benz_126C_420SEC.jpg/1280px-Mercedes_Benz_126C_420SEC.jpg,LSDSL,Own work,CC BY-SA 3.0,https://creativecommons.org/licenses/by-sa/3.0,yes,Creative Commons Attribution-Share Alike 3.0,data/external/open_license/images/headlight/commons_headlight_4620767.jpg,c7f8cb01d0e942840814c4969825ac15d9bed48c2d2faacd4e47f4a29d439784,342441,1280,960,JPEG,2026-07-19T05:41:56.698644+00:00,Wikimedia thumbnail resized to maximum 1024 px width; otherwise unmodified.
commons_oil_filter_1012231,filtration,oil_filter,"incategory:""Automobile oil filters""",1012231,File:Oil filter beneath engine.JPG,https://commons.wikimedia.org/wiki/File:Oil_filter_beneath_engine.JPG,https://upload.wikimedia.org/wikipedia/commons/4/4d/Oil_filter_beneath_engine.JPG,https://upload.wikimedia.org/wikipedia/commons/thumb/4/4d/Oil_filter_beneath_engine.JPG/1280px-Oil_filter_beneath_engine.JPG,User Ballista on en.wikipedia,Photographer: Ballista,CC BY-SA 3.0,http://creativecommons.org/licenses/by-sa/3.0/,yes,Creative Commons Attribution-Share Alike 3.0,data/external/open_license/images/oil_filter/commons_oil_filter_1012231.jpg,ef30c9b97d2af7c6ad690a16ce119c6d4c8dfb12308187d67a430359fb2700c2,519033,1280,1707,JPEG,2026-07-19T05:42:07.058037+00:00,Wikimedia thumbnail resized to maximum 1024 px width; otherwise unmodified.
commons_oil_filter_1158213,filtration,oil_filter,"incategory:""Automobile oil filters""",1158213,File:Spin-on-conversion.jpg,https://commons.wikimedia.org/wiki/File:Spin-on-conversion.jpg,https://upload.wikimedia.org/wikipedia/commons/7/7a/Spin-on-conversion.jpg,https://upload.wikimedia.org/wikipedia/commons/thumb/7/7a/Spin-on-conversion.jpg/1280px-Spin-on-conversion.jpg,Liftarn,Own work,CC BY-SA 3.0,http://creativecommons.org/licenses/by-sa/3.0/,yes,Creative Commons Attribution-Share Alike 3.0,data/external/open_license/images/oil_filter/commons_oil_filter_1158213.jpg,de2216a53d4235d1d9dfe80719c2f6925a4b3cacc824f5cb3a314828e3248152,268832,1280,960,JPEG,2026-07-19T05:42:08.096375+00:00,Wikimedia thumbnail resized to maximum 1024 px width; otherwise unmodified.
commons_oil_filter_1158214,filtration,oil_filter,"incategory:""Automobile oil filters""",1158214,File:Slant4-oilfilter.jpg,https://commons.wikimedia.org/wiki/File:Slant4-oilfilter.jpg,https://upload.wikimedia.org/wikipedia/commons/2/29/Slant4-oilfilter.jpg,https://upload.wikimedia.org/wikipedia/commons/thumb/2/29/Slant4-oilfilter.jpg/1280px-Slant4-oilfilter.jpg,Liftarn,Own work,CC BY-SA 3.0,http://creativecommons.org/licenses/by-sa/3.0/,yes,Creative Commons Attribution-Share Alike 3.0,data/external/open_license/images/oil_filter/commons_oil_filter_1158214.jpg,32fd07ede68646a3d0ac7b4b23fb9a151109f50506b7a8605c1f754e4787e6a6,304479,1280,960,JPEG,2026-07-19T05:42:08.523918+00:00,Wikimedia thumbnail resized to maximum 1024 px width; otherwise unmodified.
commons_oil_filter_1715177,filtration,oil_filter,"incategory:""Automobile oil filters""",1715177,File:Cartridge filter.jpg,https://commons.wikimedia.org/wiki/File:Cartridge_filter.jpg,https://upload.wikimedia.org/wikipedia/commons/3/38/Cartridge_filter.jpg,https://upload.wikimedia.org/wikipedia/commons/3/38/Cartridge_filter.jpg,The original uploader was Wizmo at English Wikipedia .,Transferred from en.wikipedia to Commons.,CC BY-SA 3.0,http://creativecommons.org/licenses/by-sa/3.0/,yes,Creative Commons Attribution-Share Alike 3.0,data/external/open_license/images/oil_filter/commons_oil_filter_1715177.jpg,666d30908d939dfeb6af02af0400e998c38c8fa53e008cb1da8c26c66275f1bd,46950,315,362,JPEG,2026-07-19T05:42:08.719991+00:00,Wikimedia thumbnail resized to maximum 1024 px width; otherwise unmodified.
commons_oil_filter_2584768,filtration,oil_filter,"incategory:""Automobile oil filters""",2584768,File:Engine oil filter.JPG,https://commons.wikimedia.org/wiki/File:Engine_oil_filter.JPG,https://upload.wikimedia.org/wikipedia/commons/c/cb/Engine_oil_filter.JPG,https://upload.wikimedia.org/wikipedia/commons/thumb/c/cb/Engine_oil_filter.JPG/1280px-Engine_oil_filter.JPG,Dvortygirl,Own work,CC BY-SA 3.0,https://creativecommons.org/licenses/by-sa/3.0,yes,Creative Commons Attribution-Share Alike 3.0,data/external/open_license/images/oil_filter/commons_oil_filter_2584768.jpg,047e960be25227364315f9dd6f25e67f2cb46b1127ee8e7b7a377b30854a070b,217633,1280,960,JPEG,2026-07-19T05:42:09.221656+00:00,Wikimedia thumbnail resized to maximum 1024 px width; otherwise unmodified.
commons_shock_absorber_1196179,suspension,shock_absorber,"incategory:""Automobile shock absorbers""",1196179,File:Suspensión de camión 01.jpg,https://commons.wikimedia.org/wiki/File:Suspensi%C3%B3n_de_cami%C3%B3n_01.jpg,https://upload.wikimedia.org/wikipedia/commons/e/e2/Suspensi%C3%B3n_de_cami%C3%B3n_01.jpg,https://upload.wikimedia.org/wikipedia/commons/e/e2/Suspensi%C3%B3n_de_cami%C3%B3n_01.jpg,No machine-readable author provided. Tano4595 assumed (based on copyright claims).,No machine-readable source provided. Own work assumed (based on copyright claims).,CC BY-SA 2.5,https://creativecommons.org/licenses/by-sa/2.5,yes,Creative Commons Attribution-Share Alike 2.5,data/external/open_license/images/shock_absorber/commons_shock_absorber_1196179.jpg,0be69eb094e96e5b079817bd52ad1cb52692127f764bca2b43f4c5b17ee7a00c,308591,805,747,JPEG,2026-07-19T05:41:22.316686+00:00,Wikimedia thumbnail resized to maximum 1024 px width; otherwise unmodified.
commons_shock_absorber_1196183,suspension,shock_absorber,"incategory:""Automobile shock absorbers""",1196183,File:Suspensión de camión 02.jpg,https://commons.wikimedia.org/wiki/File:Suspensi%C3%B3n_de_cami%C3%B3n_02.jpg,https://upload.wikimedia.org/wikipedia/commons/0/08/Suspensi%C3%B3n_de_cami%C3%B3n_02.jpg,https://upload.wikimedia.org/wikipedia/commons/0/08/Suspensi%C3%B3n_de_cami%C3%B3n_02.jpg,No machine-readable author provided. Tano4595 assumed (based on copyright claims).,No machine-readable source provided. Own work assumed (based on copyright claims).,CC BY-SA 2.5,https://creativecommons.org/licenses/by-sa/2.5,yes,Creative Commons Attribution-Share Alike 2.5,data/external/open_license/images/shock_absorber/commons_shock_absorber_1196183.jpg,52bd76652a20657ae5d8ec2e6a65fad2879214922b3275c1fc35f351d3f95106,376007,1024,768,JPEG,2026-07-19T05:41:23.197608+00:00,Wikimedia thumbnail resized to maximum 1024 px width; otherwise unmodified.
commons_shock_absorber_1196186,suspension,shock_absorber,"incategory:""Automobile shock absorbers""",1196186,File:Suspensión de camión 03.jpg,https://commons.wikimedia.org/wiki/File:Suspensi%C3%B3n_de_cami%C3%B3n_03.jpg,https://upload.wikimedia.org/wikipedia/commons/1/10/Suspensi%C3%B3n_de_cami%C3%B3n_03.jpg,https://upload.wikimedia.org/wikipedia/commons/1/10/Suspensi%C3%B3n_de_cami%C3%B3n_03.jpg,No machine-readable author provided. Tano4595 assumed (based on copyright claims).,No machine-readable source provided. Own work assumed (based on copyright claims).,CC BY-SA 2.5,https://creativecommons.org/licenses/by-sa/2.5,yes,Creative Commons Attribution-Share Alike 2.5,data/external/open_license/images/shock_absorber/commons_shock_absorber_1196186.jpg,53b89699a06236e74f3a95cf721aa87c06b04fb798391698517f27b424dc3d70,395841,1024,768,JPEG,2026-07-19T05:41:23.649481+00:00,Wikimedia thumbnail resized to maximum 1024 px width; otherwise unmodified.
commons_shock_absorber_551757,suspension,shock_absorber,"incategory:""Automobile shock absorbers""",551757,File:Ford RS200 engine.jpg,https://commons.wikimedia.org/wiki/File:Ford_RS200_engine.jpg,https://upload.wikimedia.org/wikipedia/commons/b/bb/Ford_RS200_engine.jpg,https://upload.wikimedia.org/wikipedia/commons/b/bb/Ford_RS200_engine.jpg,Morven,Photo by Morven,CC BY-SA 3.0,http://creativecommons.org/licenses/by-sa/3.0/,yes,Creative Commons Attribution-Share Alike 3.0,data/external/open_license/images/shock_absorber/commons_shock_absorber_551757.jpg,78ba02bc87b649d18dd9c44737183cba09d94faae8d0c72a62cc5f18e30597da,68265,600,450,JPEG,2026-07-19T05:41:21.642678+00:00,Wikimedia thumbnail resized to maximum 1024 px width; otherwise unmodified.
commons_shock_absorber_886414,suspension,shock_absorber,car shock absorber,886414,File:Damper 1.jpg,https://commons.wikimedia.org/wiki/File:Damper_1.jpg,https://upload.wikimedia.org/wikipedia/commons/a/a1/Damper_1.jpg,https://upload.wikimedia.org/wikipedia/commons/a/a1/Damper_1.jpg,No machine-readable author provided. TEy~commonswiki assumed (based on copyright claims).,No machine-readable source provided. Own work assumed (based on copyright claims).,CC BY-SA 3.0,http://creativecommons.org/licenses/by-sa/3.0/,yes,Creative Commons Attribution-Share Alike 3.0,data/external/open_license/images/shock_absorber/commons_shock_absorber_886414.jpg,cc7ae518959e15a5aead1274300ced380a5f825627bb4becd8eac81ef448db1b,19149,400,525,JPEG,2026-07-19T05:34:17.255383+00:00,Wikimedia thumbnail resized to maximum 1024 px width; otherwise unmodified.
commons_starter_1048980,electrical,starter,"incategory:""Electric starter motors""",1048980,File:Anlasser 1920er Jahre.jpg,https://commons.wikimedia.org/wiki/File:Anlasser_1920er_Jahre.jpg,https://upload.wikimedia.org/wikipedia/commons/1/1c/Anlasser_1920er_Jahre.jpg,https://upload.wikimedia.org/wikipedia/commons/1/1c/Anlasser_1920er_Jahre.jpg,Stahlkocher,Own work . Eigenes Bild.,CC BY-SA 3.0,http://creativecommons.org/licenses/by-sa/3.0/,yes,Creative Commons Attribution-Share Alike 3.0,data/external/open_license/images/starter/commons_starter_1048980.jpg,37ba0bc63d94fff1ce22ea311005e5f1b75e36b1ed39983d3154ee817e65a260,48403,640,348,JPEG,2026-07-19T06:40:06.349819+00:00,Wikimedia thumbnail resized to maximum 1024 px width; otherwise unmodified.
commons_starter_13616832,electrical,starter,automotive starter motor,13616832,File:BendixDrive.jpg,https://commons.wikimedia.org/wiki/File:BendixDrive.jpg,https://upload.wikimedia.org/wikipedia/commons/c/c3/BendixDrive.jpg,https://upload.wikimedia.org/wikipedia/commons/c/c3/BendixDrive.jpg,Bgroicahn,Own work,CC BY-SA 3.0,https://creativecommons.org/licenses/by-sa/3.0,yes,Creative Commons Attribution-Share Alike 3.0,data/external/open_license/images/starter/commons_starter_13616832.jpg,74766f65efab08e5d7e28b8c970fd9c85e1cc9b4b207d1b2fd783cb86cc2731c,21908,608,304,JPEG,2026-07-19T05:33:46.599359+00:00,Wikimedia thumbnail resized to maximum 1024 px width; otherwise unmodified.
commons_starter_1650041,electrical,starter,"incategory:""Electric starter motors""",1650041,File:Automobile starter.JPG,https://commons.wikimedia.org/wiki/File:Automobile_starter.JPG,https://upload.wikimedia.org/wikipedia/commons/8/83/Automobile_starter.JPG,https://upload.wikimedia.org/wikipedia/commons/8/83/Automobile_starter.JPG,"Willdre 00:20, 8 February 2007 (UTC)",Own work,CC BY-SA 3.0,http://creativecommons.org/licenses/by-sa/3.0/,yes,Creative Commons Attribution-Share Alike 3.0,data/external/open_license/images/starter/commons_starter_1650041.jpg,420e0674b6e0821a1b140067d747e28b1f46d54607cfb9d8d2ed7c3bddc6275c,163603,1024,768,JPEG,2026-07-19T06:40:06.869829+00:00,Wikimedia thumbnail resized to maximum 1024 px width; otherwise unmodified.
commons_starter_1650046,electrical,starter,"incategory:""Electric starter motors""",1650046,File:Automobile starter 2.JPG,https://commons.wikimedia.org/wiki/File:Automobile_starter_2.JPG,https://upload.wikimedia.org/wikipedia/commons/7/7c/Automobile_starter_2.JPG,https://upload.wikimedia.org/wikipedia/commons/7/7c/Automobile_starter_2.JPG,"Willdre 00:24, 8 February 2007 (UTC)",Own work,CC BY-SA 3.0,http://creativecommons.org/licenses/by-sa/3.0/,yes,Creative Commons Attribution-Share Alike 3.0,data/external/open_license/images/starter/commons_starter_1650046.jpg,cabf7de58999ba7bd77964764a20fc39093ec5cfbb98fd2642bba5a284ac99ee,59542,943,324,JPEG,2026-07-19T06:40:07.306498+00:00,Wikimedia thumbnail resized to maximum 1024 px width; otherwise unmodified.
commons_starter_18376047,electrical,starter,"incategory:""Automobile electrics"" starter",18376047,File:Caterham Roadsport building - 116 - Unscrew the fuse box... - Flickr - exfordy.jpg,https://commons.wikimedia.org/wiki/File:Caterham_Roadsport_building_-_116_-_Unscrew_the_fuse_box..._-_Flickr_-_exfordy.jpg,https://upload.wikimedia.org/wikipedia/commons/a/ad/Caterham_Roadsport_building_-_116_-_Unscrew_the_fuse_box..._-_Flickr_-_exfordy.jpg,https://upload.wikimedia.org/wikipedia/commons/thumb/a/ad/Caterham_Roadsport_building_-_116_-_Unscrew_the_fuse_box..._-_Flickr_-_exfordy.jpg/1280px-Caterham_Roadsport_building_-_116_-_Unscrew_the_fuse_box..._-_Flickr_-_exfordy.jpg,"Brian Snelson from Hockley, Essex, England",Unscrew the fuse box...,CC BY 2.0,https://creativecommons.org/licenses/by/2.0,yes,Creative Commons Attribution 2.0,data/external/open_license/images/starter/commons_starter_18376047.jpg,c76cc3c3d2eb292956218344a1c24bb65643d30ce6a1689d8096a3133887145d,275006,1280,853,JPEG,2026-07-19T06:08:46.360826+00:00,Wikimedia thumbnail resized to maximum 1024 px width; otherwise unmodified.
commons_starter_18376055,electrical,starter,"incategory:""Automobile electrics"" starter",18376055,File:Caterham Roadsport building - 121 - Oh look - the factory fitted wiring is wrong... - Flickr - exfordy.jpg,https://commons.wikimedia.org/wiki/File:Caterham_Roadsport_building_-_121_-_Oh_look_-_the_factory_fitted_wiring_is_wrong..._-_Flickr_-_exfordy.jpg,https://upload.wikimedia.org/wikipedia/commons/8/8c/Caterham_Roadsport_building_-_121_-_Oh_look_-_the_factory_fitted_wiring_is_wrong..._-_Flickr_-_exfordy.jpg,https://upload.wikimedia.org/wikipedia/commons/thumb/8/8c/Caterham_Roadsport_building_-_121_-_Oh_look_-_the_factory_fitted_wiring_is_wrong..._-_Flickr_-_exfordy.jpg/1280px-Caterham_Roadsport_building_-_121_-_Oh_look_-_the_factory_fitted_wiring_is_wrong..._-_Flickr_-_exfordy.jpg,"Brian Snelson from Hockley, Essex, England",Oh look - the factory fitted wiring is wrong...,CC BY 2.0,https://creativecommons.org/licenses/by/2.0,yes,Creative Commons Attribution 2.0,data/external/open_license/images/starter/commons_starter_18376055.jpg,d88593c03dc99c17f4fbd29c23a351a6ce5984029b1007c86fd45c7719eaf364,190131,1280,853,JPEG,2026-07-19T06:08:47.416738+00:00,Wikimedia thumbnail resized to maximum 1024 px width; otherwise unmodified.
commons_starter_25996075,electrical,starter,automotive starter motor,25996075,File:Car battery cross-section.jpeg,https://commons.wikimedia.org/wiki/File:Car_battery_cross-section.jpeg,https://upload.wikimedia.org/wikipedia/commons/8/85/Car_battery_cross-section.jpeg,https://upload.wikimedia.org/wikipedia/commons/thumb/8/85/Car_battery_cross-section.jpeg/500px-Car_battery_cross-section.jpeg,User:Ben Cossalter,Own work,CC BY-SA 3.0,https://creativecommons.org/licenses/by-sa/3.0,yes,Creative Commons Attribution-Share Alike 3.0,data/external/open_license/images/starter/commons_starter_25996075.jpg,b3520a9c85ce69698232109c36296706f646e001e58d27e7081bbebff39664c2,114237,500,667,JPEG,2026-07-19T05:33:46.873133+00:00,Wikimedia thumbnail resized to maximum 1024 px width; otherwise unmodified.
commons_starter_3288718,electrical,starter,"incategory:""Electric starter motors""",3288718,File:Charles F. Kettering.jpg,https://commons.wikimedia.org/wiki/File:Charles_F._Kettering.jpg,https://upload.wikimedia.org/wikipedia/commons/a/a4/Charles_F._Kettering.jpg,https://upload.wikimedia.org/wikipedia/commons/a/a4/Charles_F._Kettering.jpg,,,Public domain,https://commons.wikimedia.org/wiki/Commons:Public_domain,no,Public domain,data/external/open_license/images/starter/commons_starter_3288718.jpg,85d88bd157bb7b2ba96d0c80b0b6cb1837943ca0571883d0439361361e7aec44,88712,500,453,JPEG,2026-07-19T06:40:07.751845+00:00,Wikimedia thumbnail resized to maximum 1024 px width; otherwise unmodified.
commons_starter_37895983,electrical,starter,"intitle:""Starter motor.JPG""",37895983,File:Starter motor.JPG,https://commons.wikimedia.org/wiki/File:Starter_motor.JPG,https://upload.wikimedia.org/wikipedia/commons/9/9e/Starter_motor.JPG,https://upload.wikimedia.org/wikipedia/commons/9/9e/Starter_motor.JPG,Y Sekiai,Own work,CC BY-SA 4.0,https://creativecommons.org/licenses/by-sa/4.0,yes,Creative Commons Attribution-Share Alike 4.0,data/external/open_license/images/starter/commons_starter_37895983.jpg,4b145703d85f95c867bb02a9a7306fce53eba8b633bf30a2fbfff06779a8748c,97729,640,360,JPEG,2026-07-19T07:24:08.143097+00:00,Wikimedia thumbnail resized to maximum 1024 px width; otherwise unmodified.
commons_starter_46356726,electrical,starter,automotive starter motor,46356726,File:Powerstart Automotive Battery.jpeg,https://commons.wikimedia.org/wiki/File:Powerstart_Automotive_Battery.jpeg,https://upload.wikimedia.org/wikipedia/commons/2/20/Powerstart_Automotive_Battery.jpeg,https://upload.wikimedia.org/wikipedia/commons/thumb/2/20/Powerstart_Automotive_Battery.jpeg/1280px-Powerstart_Automotive_Battery.jpeg,Jack.randle,Own work,CC BY-SA 4.0,https://creativecommons.org/licenses/by-sa/4.0,yes,Creative Commons Attribution-Share Alike 4.0,data/external/open_license/images/starter/commons_starter_46356726.jpg,43d95ccfababf3849bbaef1f18658e7add0adae0fe615d2e1c7664b9178cc543,123465,1280,852,JPEG,2026-07-19T05:33:47.761196+00:00,Wikimedia thumbnail resized to maximum 1024 px width; otherwise unmodified.
commons_starter_47878235,electrical,starter,automotive starter motor,47878235,File:Car Battery Charger.jpg,https://commons.wikimedia.org/wiki/File:Car_Battery_Charger.jpg,https://upload.wikimedia.org/wikipedia/commons/6/69/Car_Battery_Charger.jpg,https://upload.wikimedia.org/wikipedia/commons/thumb/6/69/Car_Battery_Charger.jpg/1280px-Car_Battery_Charger.jpg,Tatu Kosonen,Own work,CC BY-SA 4.0,https://creativecommons.org/licenses/by-sa/4.0,yes,Creative Commons Attribution-Share Alike 4.0,data/external/open_license/images/starter/commons_starter_47878235.jpg,9d056e343fe0a7527056e6382f92595e45602eea153c6d29007dd18fc70866e0,393873,1280,1280,JPEG,2026-07-19T05:33:48.096707+00:00,Wikimedia thumbnail resized to maximum 1024 px width; otherwise unmodified.
commons_starter_4993180,electrical,starter,"incategory:""Automobile electrics"" starter",4993180,File:Dynamo lighting system.jpg,https://commons.wikimedia.org/wiki/File:Dynamo_lighting_system.jpg,https://upload.wikimedia.org/wikipedia/commons/9/99/Dynamo_lighting_system.jpg,https://upload.wikimedia.org/wikipedia/commons/9/99/Dynamo_lighting_system.jpg,Rankin Kennedy C.E.,"Rankin Kennedy C.E. (1912) The Book of the Motor Car , Caxton",Public domain,https://commons.wikimedia.org/wiki/Commons:Public_domain,no,Public domain,data/external/open_license/images/starter/commons_starter_4993180.jpg,5ed690fc67bd13e396178454a33e6699f9ae936a16e65e4889d1f56ff13f5e0d,225520,999,1439,JPEG,2026-07-19T06:08:45.865846+00:00,Wikimedia thumbnail resized to maximum 1024 px width; otherwise unmodified.
commons_starter_5571964,electrical,starter,automotive starter motor,5571964,File:Car-battery-recharger.jpg,https://commons.wikimedia.org/wiki/File:Car-battery-recharger.jpg,https://upload.wikimedia.org/wikipedia/commons/b/b8/Car-battery-recharger.jpg,https://upload.wikimedia.org/wikipedia/commons/thumb/b/b8/Car-battery-recharger.jpg/1280px-Car-battery-recharger.jpg,Hannes Grobe ( talk ),Own work,CC BY 3.0,https://creativecommons.org/licenses/by/3.0,yes,Creative Commons Attribution 3.0,data/external/open_license/images/starter/commons_starter_5571964.jpg,71872c8c0549c26abc54ffe27dff6c4808c1c45bc2a1252390f5e152478b8fa3,447450,1280,1551,JPEG,2026-07-19T05:33:46.189346+00:00,Wikimedia thumbnail resized to maximum 1024 px width; otherwise unmodified.
commons_starter_62626864,electrical,starter,"""MOTOR STARTER.jpg""",62626864,File:Electri motor starter.jpg,https://commons.wikimedia.org/wiki/File:Electri_motor_starter.jpg,https://upload.wikimedia.org/wikipedia/commons/3/38/Electri_motor_starter.jpg,https://upload.wikimedia.org/wikipedia/commons/thumb/3/38/Electri_motor_starter.jpg/1280px-Electri_motor_starter.jpg,రవిచంద్ర,Own work,CC BY-SA 4.0,https://creativecommons.org/licenses/by-sa/4.0,yes,Creative Commons Attribution-Share Alike 4.0,data/external/open_license/images/starter/commons_starter_62626864.jpg,9822d300464abfa99b84398c7503c0e7a32d388de26c841b85aadecaa9d98342,338478,1280,853,JPEG,2026-07-19T06:48:59.261447+00:00,Wikimedia thumbnail resized to maximum 1024 px width; otherwise unmodified.
commons_starter_8522124,electrical,starter,"intitle:""Starter motor.JPG""",8522124,"File:Liquid Starter Motor, Sunrise Dam Gold Mine.jpg","https://commons.wikimedia.org/wiki/File:Liquid_Starter_Motor,_Sunrise_Dam_Gold_Mine.jpg",https://upload.wikimedia.org/wikipedia/commons/8/8c/Liquid_Starter_Motor%2C_Sunrise_Dam_Gold_Mine.jpg,https://upload.wikimedia.org/wikipedia/commons/8/8c/Liquid_Starter_Motor%2C_Sunrise_Dam_Gold_Mine.jpg,Calistemon,Own work,CC BY-SA 3.0,https://creativecommons.org/licenses/by-sa/3.0,yes,Creative Commons Attribution-Share Alike 3.0,data/external/open_license/images/starter/commons_starter_8522124.jpg,02bbe0cf3bc64157dea1c54aa8a1590e2e860feddcc6e131d4a7b379fc8a0489,54586,790,333,JPEG,2026-07-19T07:09:54.496844+00:00,Wikimedia thumbnail resized to maximum 1024 px width; otherwise unmodified.
commons_starter_97028661,electrical,starter,"incategory:""Automobile electrics"" starter",97028661,File:Motor Vehicles - Motor Trucks - Parts - Chassis & Engines - Manufacturing Class B standardized military truck batteries. Casting battery plate grids in the plant of the Vesta Accumu - DPLA - 3e23809cafdd6bca11b03d6a729ca677.jpg,https://commons.wikimedia.org/wiki/File:Motor_Vehicles_-_Motor_Trucks_-_Parts_-_Chassis_%26_Engines_-_Manufacturing_Class_B_standardized_military_truck_batteries._Casting_battery_plate_grids_in_the_plant_of_the_Vesta_Accumu_-_DPLA_-_3e23809cafdd6bca11b03d6a729ca677.jpg,https://upload.wikimedia.org/wikipedia/commons/2/23/Motor_Vehicles_-_Motor_Trucks_-_Parts_-_Chassis_%26_Engines_-_Manufacturing_Class_B_standardized_military_truck_batteries._Casting_battery_plate_grids_in_the_plant_of_the_Vesta_Accumu_-_DPLA_-_3e23809cafdd6bca11b03d6a729ca677.jpg,https://upload.wikimedia.org/wikipedia/commons/thumb/2/23/Motor_Vehicles_-_Motor_Trucks_-_Parts_-_Chassis_%26_Engines_-_Manufacturing_Class_B_standardized_military_truck_batteries._Casting_battery_plate_grids_in_the_plant_of_the_Vesta_Accumu_-_DPLA_-_3e23809cafdd6bca11b03d6a729ca677.jpg/1280px-thumbnail.jpg,War Department. 1789-9/18/1947,"This file was contributed to Wikimedia Commons by National Archives at College Park - Still Pictures as part of a cooperation project. The donation was facilitated by the Digital Public Library of America , via its partner Digital Public Library of America . Record in source catalog DPLA identifier: 3e23809cafdd6bca11b03d6a729ca677 National Archives Identifier: 45506035",Public domain,https://commons.wikimedia.org/wiki/Commons:Public_domain,no,Public domain,data/external/open_license/images/starter/commons_starter_97028661.jpg,5cc3739f2d88f8e02cf9120706ad419810c82003d5a2f74462fd628f3925d4c8,211372,1280,853,JPEG,2026-07-19T06:08:48.133977+00:00,Wikimedia thumbnail resized to maximum 1024 px width; otherwise unmodified.
commons_taillight_18026985,lighting,taillight,"incategory:""Automobile rear lights""",18026985,File:2005 Bentley Continental GT - Flickr - The Car Spy (20).jpg,https://commons.wikimedia.org/wiki/File:2005_Bentley_Continental_GT_-_Flickr_-_The_Car_Spy_(20).jpg,https://upload.wikimedia.org/wikipedia/commons/0/0d/2005_Bentley_Continental_GT_-_Flickr_-_The_Car_Spy_%2820%29.jpg,https://upload.wikimedia.org/wikipedia/commons/thumb/0/0d/2005_Bentley_Continental_GT_-_Flickr_-_The_Car_Spy_%2820%29.jpg/1280px-2005_Bentley_Continental_GT_-_Flickr_-_The_Car_Spy_%2820%29.jpg,The Car Spy,2005 Bentley Continental GT,CC BY 2.0,https://creativecommons.org/licenses/by/2.0,yes,Creative Commons Attribution 2.0,data/external/open_license/images/taillight/commons_taillight_18026985.jpg,e85e5fdce50419ef2ec52c2d8ae0ffee8aeae681c97b3a2564b4fd9795474678,233123,1280,960,JPEG,2026-07-19T05:42:01.960967+00:00,Wikimedia thumbnail resized to maximum 1024 px width; otherwise unmodified.
commons_taillight_18027695,lighting,taillight,"incategory:""Automobile rear lights""",18027695,File:2009 BMW M3 Cabriolet - Flickr - The Car Spy (20).jpg,https://commons.wikimedia.org/wiki/File:2009_BMW_M3_Cabriolet_-_Flickr_-_The_Car_Spy_(20).jpg,https://upload.wikimedia.org/wikipedia/commons/5/52/2009_BMW_M3_Cabriolet_-_Flickr_-_The_Car_Spy_%2820%29.jpg,https://upload.wikimedia.org/wikipedia/commons/thumb/5/52/2009_BMW_M3_Cabriolet_-_Flickr_-_The_Car_Spy_%2820%29.jpg/1280px-2009_BMW_M3_Cabriolet_-_Flickr_-_The_Car_Spy_%2820%29.jpg,The Car Spy,2009 BMW M3 Cabriolet,CC BY 2.0,https://creativecommons.org/licenses/by/2.0,yes,Creative Commons Attribution 2.0,data/external/open_license/images/taillight/commons_taillight_18027695.jpg,8f376160a246222f80e731c91085c0f65a8ae7bf6b16fcba7c4ab8ca69199466,265880,1280,960,JPEG,2026-07-19T05:42:02.478948+00:00,Wikimedia thumbnail resized to maximum 1024 px width; otherwise unmodified.
commons_taillight_1900673,lighting,taillight,"incategory:""Automobile rear lights""",1900673,File:Galaxie.jpg,https://commons.wikimedia.org/wiki/File:Galaxie.jpg,https://upload.wikimedia.org/wikipedia/commons/e/ed/Galaxie.jpg,https://upload.wikimedia.org/wikipedia/commons/thumb/e/ed/Galaxie.jpg/1280px-Galaxie.jpg,"Richard Giles from Perth, Australia",Flickr,CC BY 2.0,https://creativecommons.org/licenses/by/2.0,yes,Creative Commons Attribution 2.0,data/external/open_license/images/taillight/commons_taillight_1900673.jpg,5ebaaeda478e0a5d8aee192852f53704c838a7a7e5e463d8acad1c9c14944fea,215337,1280,960,JPEG,2026-07-19T05:42:00.500138+00:00,Wikimedia thumbnail resized to maximum 1024 px width; otherwise unmodified.
commons_taillight_4518332,lighting,taillight,"incategory:""Automobile rear lights""",4518332,File:FanaleretroGP.jpg,https://commons.wikimedia.org/wiki/File:FanaleretroGP.jpg,https://upload.wikimedia.org/wikipedia/commons/9/9c/FanaleretroGP.jpg,https://upload.wikimedia.org/wikipedia/commons/9/9c/FanaleretroGP.jpg,Pava,Own work,Public domain,https://commons.wikimedia.org/wiki/Commons:Public_domain,no,Public domain,data/external/open_license/images/taillight/commons_taillight_4518332.jpg,1c4c025b0f0516e155bd75ead0d6fbdce525e21564c9d424955ebe9dc9a862a9,277114,480,640,JPEG,2026-07-19T05:42:00.918638+00:00,Wikimedia thumbnail resized to maximum 1024 px width; otherwise unmodified.
commons_taillight_7099374,lighting,taillight,"incategory:""Automobile rear lights""",7099374,File:FacelVegaHK500-rear.jpg,https://commons.wikimedia.org/wiki/File:FacelVegaHK500-rear.jpg,https://upload.wikimedia.org/wikipedia/commons/1/1f/FacelVegaHK500-rear.jpg,https://upload.wikimedia.org/wikipedia/commons/thumb/1/1f/FacelVegaHK500-rear.jpg/1280px-FacelVegaHK500-rear.jpg,Brian Snelson,originally posted to Flickr as Facel Vega HK500,CC BY 2.0,https://creativecommons.org/licenses/by/2.0,yes,Creative Commons Attribution 2.0,data/external/open_license/images/taillight/commons_taillight_7099374.jpg,779a356d8c42cf5de6d6c21d59b389303031d53e99898579c51ca3de7ac1ccd0,304726,1280,896,JPEG,2026-07-19T05:42:01.384458+00:00,Wikimedia thumbnail resized to maximum 1024 px width; otherwise unmodified.
